Code,detailedDescription
DRC001,Employee onboarding and HR policy orientation completed successfully.
DRC002,Financial audit and budget planning documentation submitted.
DRC003,IT infrastructure setup and system access configured for employee.
DRC004,Marketing campaign strategy and branding review finalized.
DRC005,Sales performance analysis and quarterly target report prepared.
DRC006,Recruitment process and candidate evaluation summary documented.
DRC007,Software deployment and cybersecurity compliance verified.
DRC008,Financial forecasting and revenue growth analysis completed.
DRC009,Digital marketing analytics and customer engagement report generated.
DRC010,Sales training and regional market expansion plan approved.
DRC011,Database optimization and cloud migration process completed.
DRC012,Employee training schedule and HR development plan updated.
DRC013,Investment portfolio review and risk assessment conducted.
DRC014,Product promotion and social media campaign execution completed.
DRC015,Client acquisition strategy and sales pipeline enhancement documented.